{
	"class_name" : "PinholeCameraParameters",
	"extrinsic" : 
	[
		0.47676113649334739,
		-0.066477568942059265,
		-0.87651557405280922,
		0.0,
		0.012479314511279864,
		-0.99652391340892055,
		0.082367206541795218,
		0.0,
		-0.87894430167041904,
		-0.050207796523288578,
		-0.47427427900886182,
		0.0,
		0.18316080981292227,
		0.52320836107090607,
		1.6610234803576875,
		1.0
	],
	"intrinsic" : 
	{
		"height" : 1373,
		"intrinsic_matrix" : 
		[
			1189.0528793960343,
			0.0,
			0.0,
			0.0,
			1189.0528793960343,
			0.0,
			1279.5,
			686.0,
			1.0
		],
		"width" : 2560
	},
	"version_major" : 1,
	"version_minor" : 0
}