{
	"class_name" : "PinholeCameraParameters",
	"extrinsic" : 
	[
		0.085334685093502796,
		-0.017564133450398842,
		-0.99619751692931324,
		0.0,
		0.025897808924853744,
		-0.99946769315703898,
		0.0198402073638064,
		0.0,
		-0.99601571022393243,
		-0.027492390792429322,
		-0.084834388284656531,
		0.0,
		0.41584811161662061,
		0.4909263821779376,
		1.6003444116033829,
		1.0
	],
	"intrinsic" : 
	{
		"height" : 1373,
		"intrinsic_matrix" : 
		[
			1189.0528793960343,
			0.0,
			0.0,
			0.0,
			1189.0528793960343,
			0.0,
			1279.5,
			686.0,
			1.0
		],
		"width" : 2560
	},
	"version_major" : 1,
	"version_minor" : 0
}