{
	"class_name" : "PinholeCameraParameters",
	"extrinsic" : 
	[
		1.0,
		-0.0,
		-0.0,
		0.0,
		0.0,
		-1.0,
		-0.0,
		0.0,
		0.0,
		-0.0,
		-1.0,
		0.0,
		-0.46999999999999997,
		0.46999999999999997,
		2.783327058588994,
		1.0
	],
	"intrinsic" : 
	{
		"height" : 1373,
		"intrinsic_matrix" : 
		[
			1189.0528793960343,
			0.0,
			0.0,
			0.0,
			1189.0528793960343,
			0.0,
			1279.5,
			686.0,
			1.0
		],
		"width" : 2560
	},
	"version_major" : 1,
	"version_minor" : 0
}